valid_from,scheme,ets_price_per_t,ets_currency,ets_source,fx_date,usd_per_eur,gbp_per_eur,cps_gas_gbp_per_kwh,cps_coal_gbp_per_gj
2015-04-01,EU ETS,7.689825,USD,World Bank,2015-04-01,1.0755,0.7285,0.00334,1.5686
2016-04-01,EU ETS,5.921776,USD,World Bank,2016-04-01,1.1432,0.7989,0.00331,1.5479
2017-04-01,EU ETS,5.644848,USD,World Bank,2017-03-31,1.0691,0.85553,0.00331,1.5479
2018-04-01,EU ETS,16.26372,USD,World Bank,2018-03-29,1.2321,0.8749,0.00331,1.5479
2019-04-01,EU ETS,24.505716,USD,World Bank,2019-04-01,1.1236,0.85658,0.00331,1.5479
2020-04-01,EU ETS,18.53652,USD,World Bank,2020-04-01,1.0936,0.8846,0.00331,1.5479
2021-04-01,UK ETS,47.96,GBP,DESNZ,2021-04-01,1.1746,0.85195,0.00331,1.5479
2022-04-01,UK ETS,98.5575,USD,World Bank,2022-04-01,1.1052,0.84145,0.00331,1.5479
2023-04-01,UK ETS,88.1259355,USD,World Bank,2023-03-31,1.0875,0.8792,0.00331,1.5479
2024-04-01,UK ETS,45.061676,USD,World Bank,2024-03-28,1.0811,0.8551,0.00331,1.5479
2025-04-01,UK ETS,57.2278135,USD,World Bank,2025-04-01,1.0788,0.83665,0.00331,1.5479
