year,ccgt_mw,coal_mw,gas_turbine_mw,oil_engine_mw,nuclear_mw,pumped_storage_mw,ccgt_efficiency,coal_efficiency
2014,30974.0,18732.0,676.0,649.86,9937.0,2744.0,0.4717,0.3588
2015,28311.0,17534.0,349.5,719.6,9261.0,2744.0,0.48,0.3557
2016,28682.0,13677.0,864.5,683.6,9261.0,2744.0,0.4893,0.3498
2017,30359.0,13341.0,960.5,627.29,9261.0,2744.0,0.4869,0.3486
2018,29389.0,10355.0,1210.07,816.9,9261.0,2744.0,0.4894,0.341
2019,29389.0,6796.0,1370.07,857.9,9261.0,2744.0,0.4878,0.3205
2020,29749.0,5316.0,1458.07,771.78,8923.0,2744.0,0.4844,0.3324
2021,29542.0,5316.0,1458.07,767.78,7833.0,2744.0,0.49,0.3482
2022,29576.0,5316.0,1463.97,767.78,5883.0,2744.0,0.4911,0.3646
2023,30361.0,2021.0,1742.97,767.78,5883.0,2744.0,0.4895,0.3464
2024,29796.0,0.0,1752.9,762.78,5883.0,2744.0,0.4856,0.4151
2025,30003.0,0.0,1821.9,768.98,5883.0,2744.0,0.4799,
