year,quarter,coal_p_per_kwh,oil_p_per_kwh,gas_p_per_kwh
2014,1,0.8079,4.281,2.2562
2014,2,0.7683,4.194,1.7297
2014,3,0.7613,4.224,1.626
2014,4,0.7724,3.587,2.0255
2015,1,0.7141,2.524,1.8241
2015,2,0.6554,2.78,1.6041
2015,3,0.647,2.522,1.5302
2015,4,0.6103,2.303,1.3882
2016,1,0.6564,1.855,1.2729
2016,2,0.5053,2.2,1.1516
2016,3,0.703,2.723,1.1563
2016,4,1.0259,2.997,1.4812
2017,1,1.0077,2.931,1.573
2017,2,0.9105,3.13,1.4163
2017,3,1.0423,2.949,1.4571
2017,4,1.08,3.316,1.6443
2018,1,0.9656,3.308,1.7484
2018,2,0.9935,4.137,1.8592
2018,3,1.1147,4.281,1.9088
2018,4,1.0975,3.892,2.1615
2019,1,0.9087,3.842,1.7039
2019,2,0.6994,4.177,1.2046
2019,3,0.7774,4.145,1.248
2019,4,0.7961,3.98,1.4411
2020,1,0.7384,4.263,1.3907
2020,2,0.7342,2.42,0.9162
2020,3,0.8023,3.238,0.9971
2020,4,0.9435,3.539,1.4649
